{
  "predictions": [
    1,
    1,
    1,
    1,
    1,
    1,
    1,
    1,
    1,
    1,
    1,
    1,
    1,
    1,
    1,
    1,
    1,
    1,
    1,
    1,
    1,
    1,
    1,
    1,
    1,
    1,
    1,
    1,
    1,
    1,
    1,
    1,
    1,
    1,
    1,
    1,
    1,
    1,
    1,
    1,
    1,
    1,
    1,
    1,
    1,
    1,
    1,
    1,
    1,
    1,
    0,
    0,
    0,
    0,
    0,
    0,
    0,
    0,
    0,
    0,
    0,
    0,
    0,
    0,
    0,
    1,
    0,
    0,
    0,
    0,
    0,
    0,
    0,
    0,
    0,
    0,
    0,
    0,
    1,
    0,
    0,
    0,
    0,
    0,
    0,
    0,
    0,
    0,
    0,
    0,
    0,
    0,
    0,
    0,
    0,
    0,
    0,
    0,
    0,
    0
  ],
  "prediction_probas": [
    0.8984591960906982,
    0.901239275932312,
    0.9249435663223267,
    0.8969589471817017,
    0.949999988079071,
    0.9166476130485535,
    0.9226762652397156,
    0.9182713627815247,
    0.8810704350471497,
    0.8830459117889404,
    0.8500600457191467,
    0.913917064666748,
    0.814111590385437,
    0.902433454990387,
    0.9245164394378662,
    0.8931013941764832,
    0.9193235635757446,
    0.8959311246871948,
    0.9105291366577148,
    0.9226762652397156,
    0.8539301156997681,
    0.8211364150047302,
    0.9423236846923828,
    0.8906471133232117,
    0.9438647627830505,
    0.9137608408927917,
    0.8913552165031433,
    0.9011341333389282,
    0.9053506851196289,
    0.9271341562271118,
    0.9500000476837158,
    0.9146548509597778,
    0.864977240562439,
    0.8934612274169922,
    0.9182713627815247,
    0.9499999284744263,
    0.5,
    0.8861070871353149,
    0.9053506851196289,
    0.8830028772354126,
    0.9105291366577148,
    0.8690120577812195,
    0.8868050575256348,
    0.9182713627815247,
    0.8916937112808228,
    0.9064561128616333,
    0.8692576289176941,
    0.5,
    0.9182713627815247,
    0.9226762652397156,
    0.07125966995954514,
    0.05000000447034836,
    0.12246522307395935,
    0.09048778563737869,
    0.07287755608558655,
    0.0650656446814537,
    0.30912908911705017,
    0.07163086533546448,
    0.09999999403953552,
    0.07287755608558655,
    0.05000000074505806,
    0.07287755608558655,
    0.09581106901168823,
    0.07163086533546448,
    0.09152854233980179,
    0.679235577583313,
    0.11860932409763336,
    0.04999999701976776,
    0.0719810426235199,
    0.07206843048334122,
    0.12040135264396667,
    0.05000000447034836,
    0.09225402027368546,
    0.19262705743312836,
    0.07125966995954514,
    0.4074566960334778,
    0.09999999403953552,
    0.07287755608558655,
    0.7303951978683472,
    0.15000000596046448,
    0.07254228740930557,
    0.0944540947675705,
    0.12838555872440338,
    0.10000000894069672,
    0.2120162844657898,
    0.12221235781908035,
    0.07276839762926102,
    0.07297870516777039,
    0.05000000447034836,
    0.45852091908454895,
    0.11780449002981186,
    0.17152832448482513,
    0.09496498107910156,
    0.09601154178380966,
    0.04999999701976776,
    0.08973250538110733,
    0.12221235781908035,
    0.3559202253818512,
    0.07287755608558655,
    0.12221235781908035
  ],
  "true_labels": [
    1,
    1,
    1,
    1,
    1,
    1,
    1,
    1,
    1,
    1,
    1,
    1,
    1,
    1,
    1,
    1,
    1,
    1,
    1,
    1,
    1,
    1,
    1,
    1,
    1,
    1,
    1,
    1,
    1,
    1,
    1,
    1,
    1,
    1,
    1,
    1,
    1,
    1,
    1,
    1,
    1,
    1,
    1,
    1,
    1,
    1,
    1,
    1,
    1,
    1,
    0,
    0,
    0,
    0,
    0,
    0,
    0,
    0,
    0,
    0,
    0,
    0,
    0,
    0,
    0,
    0,
    0,
    0,
    0,
    0,
    0,
    0,
    0,
    0,
    0,
    0,
    0,
    0,
    0,
    0,
    0,
    0,
    0,
    0,
    0,
    0,
    0,
    0,
    0,
    0,
    0,
    0,
    0,
    0,
    0,
    0,
    0,
    0,
    0,
    0
  ],
  "weights": [
    [
      0.4912094473838806,
      0.06525310128927231,
      0.4435374438762665
    ],
    [
      0.5527454018592834,
      0.035197339951992035,
      0.4120572805404663
    ],
    [
      0.49887266755104065,
      0.0,
      0.501127302646637
    ],
    [
      0.5003847479820251,
      0.11786910146474838,
      0.38174620270729065
    ],
    [
      0.5010855793952942,
      0.0,
      0.4989144206047058
    ],
    [
      0.5140788555145264,
      0.015093859285116196,
      0.47082728147506714
    ],
    [
      0.510418176651001,
      0.06071935221552849,
      0.42886245250701904
    ],
    [
      0.5085465908050537,
      0.07050807774066925,
      0.42094531655311584
    ],
    [
      0.5461924076080322,
      0.12619666755199432,
      0.32761090993881226
    ],
    [
      0.5229328274726868,
      0.05746757611632347,
      0.4195995330810547
    ],
    [
      0.5051485300064087,
      0.12484979629516602,
      0.3700016736984253
    ],
    [
      0.5067582726478577,
      0.08018440753221512,
      0.4130573868751526
    ],
    [
      0.5271615386009216,
      0.14882607758045197,
      0.3240123987197876
    ],
    [
      0.49286991357803345,
      0.05552496388554573,
      0.4516051113605499
    ],
    [
      0.4903303384780884,
      0.0,
      0.5096696019172668
    ],
    [
      0.515815794467926,
      0.07586481422185898,
      0.4083194434642792
    ],
    [
      0.5045874714851379,
      0.0073822601698338985,
      0.4880303144454956
    ],
    [
      0.5373608469963074,
      0.060446467250585556,
      0.40219274163246155
    ],
    [
      0.4964291751384735,
      0.0357307530939579,
      0.4678400754928589
    ],
    [
      0.510418176651001,
      0.06071935221552849,
      0.42886245250701904
    ],
    [
      0.5067439675331116,
      0.11517457664012909,
      0.37808138132095337
    ],
    [
      0.5441924929618835,
      0.16543175280094147,
      0.2903757095336914
    ],
    [
      0.5568763017654419,
      0.03838154673576355,
      0.40474215149879456
    ],
    [
      0.48811399936676025,
      0.08439642935991287,
      0.4274895489215851
    ],
    [
      0.5853021740913391,
      0.061352312564849854,
      0.35334551334381104
    ],
    [
      0.5269132852554321,
      0.08389875292778015,
      0.38918793201446533
    ],
    [
      0.5350053906440735,
      0.07087671011686325,
      0.39411795139312744
    ],
    [
      0.5018662810325623,
      0.10859076678752899,
      0.38954299688339233
    ],
    [
      0.5034205913543701,
      0.0992206260561943,
      0.397358775138855
    ],
    [
      0.5123756527900696,
      0.050813011825084686,
      0.4368113875389099
    ],
    [
      0.6262957453727722,
      0.0,
      0.37370431423187256
    ],
    [
      0.4983331263065338,
      0.02565445937216282,
      0.47601237893104553
    ],
    [
      0.5228672623634338,
      0.1308431178331375,
      0.34628960490226746
    ],
    [
      0.5518369674682617,
      0.13077551126480103,
      0.31738752126693726
    ],
    [
      0.5085465908050537,
      0.07050807774066925,
      0.42094531655311584
    ],
    [
      0.5115041136741638,
      0.0,
      0.4884958565235138
    ],
    [
      0.6478957533836365,
      0.3521042466163635,
      0.0
    ],
    [
      0.4953521490097046,
      0.04548299312591553,
      0.4591648578643799
    ],
    [
      0.5034205913543701,
      0.0992206260561943,
      0.397358775138855
    ],
    [
      0.48530247807502747,
      0.10315531492233276,
      0.411542147397995
    ],
    [
      0.4964291751384735,
      0.0357307530939579,
      0.4678400754928589
    ],
    [
      0.6197591423988342,
      0.1265152096748352,
      0.25372567772865295
    ],
    [
      0.4866740107536316,
      0.09382148832082748,
      0.4195044934749603
    ],
    [
      0.5085465908050537,
      0.07050807774066925,
      0.42094531655311584
    ],
    [
      0.5187049508094788,
      0.08970209211111069,
      0.39159300923347473
    ],
    [
      0.49460896849632263,
      0.04568587243556976,
      0.4597051441669464
