{
  "predictions": [
    1,
    1,
    1,
    1,
    1,
    1,
    1,
    1,
    1,
    1,
    1,
    1,
    1,
    1,
    1,
    1,
    1,
    1,
    1,
    1,
    1,
    1,
    1,
    1,
    1,
    1,
    1,
    1,
    1,
    1,
    1,
    1,
    1,
    1,
    1,
    1,
    1,
    1,
    1,
    1,
    1,
    1,
    1,
    1,
    1,
    1,
    1,
    1,
    1,
    1,
    0,
    0,
    0,
    0,
    0,
    0,
    0,
    0,
    0,
    0,
    0,
    0,
    0,
    0,
    0,
    0,
    0,
    0,
    0,
    0,
    0,
    0,
    0,
    0,
    0,
    0,
    0,
    0,
    0,
    0,
    0,
    0,
    0,
    0,
    0,
    0,
    0,
    0,
    0,
    0,
    0,
    0,
    0,
    0,
    0,
    0,
    0,
    0,
    0,
    0
  ],
  "prediction_probas": [
    0.9961477518081665,
    0.9961477518081665,
    0.9961477518081665,
    0.9961477518081665,
    0.9961477518081665,
    0.9961477518081665,
    0.9961477518081665,
    0.9961477518081665,
    0.9961477518081665,
    0.9961477518081665,
    0.9961477518081665,
    0.9961477518081665,
    0.9961477518081665,
    0.9961477518081665,
    0.9961477518081665,
    0.9961477518081665,
    0.9961477518081665,
    0.9961477518081665,
    0.9961477518081665,
    0.9961477518081665,
    0.9961477518081665,
    0.9961477518081665,
    0.9961477518081665,
    0.9961477518081665,
    0.9961477518081665,
    0.9961477518081665,
    0.9961477518081665,
    0.9961477518081665,
    0.9961477518081665,
    0.9961477518081665,
    0.9961477518081665,
    0.9961477518081665,
    0.9961477518081665,
    0.9961477518081665,
    0.9961477518081665,
    0.9961477518081665,
    0.9961477518081665,
    0.9961477518081665,
    0.9961477518081665,
    0.9961477518081665,
    0.9961477518081665,
    0.9961477518081665,
    0.9961477518081665,
    0.9961477518081665,
    0.9961477518081665,
    0.9961477518081665,
    0.9961477518081665,
    0.9961477518081665,
    0.9961477518081665,
    0.9961477518081665,
    0.003852216759696603,
    0.003852216759696603,
    0.003852216759696603,
    0.003852216759696603,
    0.003852216759696603,
    0.003852216759696603,
    0.003852216759696603,
    0.003852216759696603,
    0.003852216759696603,
    0.003852216759696603,
    0.003852216759696603,
    0.003852216759696603,
    0.003852216759696603,
    0.003852216759696603,
    0.003852216759696603,
    0.003852216759696603,
    0.003852216759696603,
    0.003852216759696603,
    0.003852216759696603,
    0.003852216759696603,
    0.003852216759696603,
    0.003852216759696603,
    0.003852216759696603,
    0.003852216759696603,
    0.003852216759696603,
    0.003852216759696603,
    0.003852216759696603,
    0.003852216759696603,
    0.003852216759696603,
    0.003852216759696603,
    0.003852216759696603,
    0.003852216759696603,
    0.003852216759696603,
    0.003852216759696603,
    0.003852216759696603,
    0.003852216759696603,
    0.003852216759696603,
    0.003852216759696603,
    0.003852216759696603,
    0.003852216759696603,
    0.003852216759696603,
    0.003852216759696603,
    0.003852216759696603,
    0.003852216759696603,
    0.003852216759696603,
    0.003852216759696603,
    0.003852216759696603,
    0.003852216759696603,
    0.003852216759696603,
    0.003852216759696603
  ],
  "true_labels": [
    1,
    1,
    1,
    1,
    1,
    1,
    1,
    1,
    1,
    1,
    1,
    1,
    1,
    1,
    1,
    1,
    1,
    1,
    1,
    1,
    1,
    1,
    1,
    1,
    1,
    1,
    1,
    1,
    1,
    1,
    1,
    1,
    1,
    1,
    1,
    1,
    1,
    1,
    1,
    1,
    1,
    1,
    1,
    1,
    1,
    1,
    1,
    1,
    1,
    1,
    0,
    0,
    0,
    0,
    0,
    0,
    0,
    0,
    0,
    0,
    0,
    0,
    0,
    0,
    0,
    0,
    0,
    0,
    0,
    0,
    0,
    0,
    0,
    0,
    0,
    0,
    0,
    0,
    0,
    0,
    0,
    0,
    0,
    0,
    0,
    0,
    0,
    0,
    0,
    0,
    0,
    0,
    0,
    0,
    0,
    0,
    0,
    0,
    0,
    0
  ],
  "metrics": {
    "accuracy": 1.0,
    "precision": 1.0,
    "recall": 1.0,
    "f1": 1.0,
    "roc_auc": 1.0,
    "confusion_matrix": [
      [
        50,
        0
      ],
      [
        0,
        50
      ]
    ],
    "true_negatives": 50,
    "false_positives": 0,
    "false_negatives": 0,
    "true_positives": 50
  }
}